{
  "timestamp": "2026-03-26 03:13:59",
  "method": "qdrant_hybrid_reranker_enriched",
  "metrics": {
    "Context Precision": 0.36,
    "Context Recall": 0.28982142857142856,
    "Faithfulness": 0.16866229867605492,
    "Answer Relevancy": 0.24146825396825394
  }
}